Gene,Labels
ASF1A,1
ASF1B,1
ATM,1
ATR,1
ATRX,1
BLM,1
CBX3,1
DAXX,1
ERCC4,1
FANCD2,1
FEN1,1
H3F3A,1
HMBOX1,1
NSMCE2,1
PCNA,1
PIN1,1
PINX1,1
PML,1
POT1,1
RPA1,1
RPA2,1
RTEL1,1
SP100,1
SUMO1,1
SUMO2,1
TERF1,1
TERF2,1
TERF2IP,1
TERRA,1
TERT,1
TINF2,1
TOP3A,1
UBE2I,1
XRCC6,1
CDKN1A,1
DNMT1,1
HDAC7,1
HMGN5,1
PARP2,1
SENP6,1
TEP1,1
AASDHPPT,1
ACP1,1
ACTR5,1
ACTR8,1
ALYREF,1
SLF1,1
ANP32B,1
ANP32E,1
APEX1,1
API5,1
APLF,1
ARF3,1
ARF4,1
ARF5,1
ARHGDIA,1
ARID3A,1
ARID4A,1
ARID4B,1
ATRIP,1
AURKA,1
AURKB,1
AZGP1,1
BARD1,1
BCCIP,1
BRCA2,1
BRIP1,1
BUB3,1
BZW1,1
C14ORF166,1
FAAP100,1
FAAP24,1
C1QBP,1
RTCB,1
TTI2,1
CACYBP,1
CAND1,1
CARM1,1
CBFB,1
CBX1,1
CBX5,1
CCAR2,1
POLR1A,1
CCNA2,1
CCT2,1
CCT4,1
CCT5,1
CCT7,1
CDC25A,1
CDC25B,1
CDC73,1
CDCA8,1
CDK1,1
CEP164,1
CGGBP1,1
CHAF1B,1
CHEK1,1
CHEK2,1
CHFR,1
CHMP4B,1
CHTF18,1
CIRBP,1
CLIC1,1
CLSPN,1
CMPK1,1
CPSF6,1
CREBBP,1
CSE1L,1
CSNK2A1,1
CSRP1,1
CTBP1,1
CTDP1,1
DBF4B,1
DCLRE1A,1
DCLRE1B,1
DCLRE1C,1
DCTN2,1
DDB1,1
DDX1,1
DDX39B,1
DDX5,1
DHX15,1
DKC1,1
DNAJA1,1
DNAJA2,1
DNAJB1,1
DNAJC8,1
DNAJC9,1
DNMT3A,1
DNMT3B,1
DNTT,1
DUT,1
E2F1,1
E2F2,1
E2F3,1
E2F4,1
ECT2,1
EDF1,1
EFTUD2,1
EID3,1
EIF4H,1
EIF5A,1
EIF5A2,1
ELAVL1,1
EMD,1
EME1,1
ERCC1,1
ERCC2,1
ERCC3,1
ERCC5,1
ESRRA,1
ETAA1,1
ETFA,1
ETHE1,1
EXO1,1
FAM175A,1
FAM50A,1
FAM84A,1
FAM84B,1
FANCA,1
FANCB,1
FANCC,1
FANCE,1
FANCF,1
FANCG,1
FANCI,1
FANCL,1
FANCM,1
FBL,1
FBXO18,1
FH,1
FKBP5,1
FUBP1,1
FUS,1
GAR1,1
GATAD2B,1
GBE1,1
GEN1,1
GET4,1
GMNN,1
GMPS,1
RACK1,1
GNL3,1
GPKOW,1
GRWD1,1
GTF3C3,1
H2AFX,1
H2AFY,1
H2AFY2,1
HAT1,1
HDAC1,1
HDAC2,1
HDAC3,1
HDAC4,1
HDGF,1
HELZ,1
HIC1,1
HINT2,1
HIST1H2AA,1
HIST1H2BA,1
HIST1H2BB,1
HIST1H4H,1
HIST3H3,1
HLTF,1
HMGA1,1
HMGB1,1
HMGB1P10,1
HMGB2,1
HMGB3,1
HNRNPA1,1
HP1BP3,1
HSD17B10,1
HUS1,1
IDH3A,1
INO80,1
INO80B,1
INO80C,1
INO80E,1
ISG15,1
ISG20,1
ITGAX,1
KAT2A,1
KAT2B,1
KDM1A,1
KDM4A,1
KDM4B,1
KDM4C,1
KHDRBS1,1
KHSRP,1
KIF4A,1
KMT2A,1
KPNB1,1
LASP1,1
LEMD2,1
LGALS1,1
LGALS7,1
LIG1,1
LIG3,1
LIG4,1
LMNB1,1
LONP1,1
LRIF1,1
LRRC41,1
LRWD1,1
MAT2B,1
MBD3,1
MCM2,1
MCM3,1
MCM4,1
MCM5,1
MCM6,1
MCM7,1
MCPH1,1
MCRS1,1
MDC1,1
MKI67,1
MLH1,1
MORC4,1
MRE11,1
MSH2,1
MSH3,1
MSH4,1
MSH5,1
MSH6,1
MTA1,1
MTF2,1
MUS81,1
MUTYH,1
NABP1,1
NABP2,1
NACA,1
NAMPT,1
NANS,1
NAT10,1
NBN,1
NCAPG,1
NDC80,1
NSMCE3,1
NELFB,1
NFRKB,1
NHEJ1,1
NHP2,1
NIPBL,1
NIPSNAP1,1
NOP10,1
NOP9,1
NOSIP,1
NR2C1,1
NR2C2,1
NR2F1,1
NR2F6,1
NRIP1,1
NSMCE4A,1
NSUN2,1
NUDC,1
NUDT21,1
NUMA1,1
STN1,1
OLA1,1
ORC1,1
ORC2,1
ORC4,1
ORC5,1
ORC6,1
OTUB1,1
PA2G4,1
PABPC1,1
PALB2,1
PARK7,1
PARP1,1
PARP4,1
PAXIP1,1
PCNP,1
PDCD4,1
PDCD6,1
PEBP1,1
PES1,1
PHF1,1
PHF20L1,1
PIAS1,1
PIAS3,1
PIR,1
PKMYT1,1
PLK1,1
PMS1,1
PMS2,1
PNKP,1
POLA1,1
POLA2,1
POLD1,1
POLD2,1
POLD3,1
POLD4,1
POLE,1
POLE2,1
POLE3,1
POLE4,1
POLH,1
POLL,1
POLM,1
POLR1B,1
POLR1C,1
POLR1E,1
POLR2E,1
PPME1,1
PPP1CA,1
PPP1CB,1
PPP1CC,1
PPP1R10,1
PRIM1,1
PRIM2,1
PRKDC,1
PRMT1,1
PRMT2,1
PRMT3,1
PRMT5,1
PRMT6,1
PRPF19,1
PRPF31,1
PRPF4B,1
PSMA7,1
PSMA8,1
PSMB6,1
PSMD10,1
PSMD5,1
PSME3,1
PTMS,1
RAB10,1
RAB1B,1
RAB35,1
RAB5C,1
RAB6A,1
RAD1,1
RAD17,1
RAD18,1
RAD21,1
RAD23B,1
RAD50,1
RAD51,1
RAD51AP1,1
RAD51B,1
RAD51C,1
RAD51D,1
RAD52,1
RAD54B,1
RAD54L,1
RAD9A,1
RANP1,1
RB1,1
RBBP7,1
RBBP8,1
RBL1,1
RBL2,1
RBM14,1
RBM8A,1
RCC1,1
RCC2,1
RCOR1,1
RECQL,1
RECQL4,1
RECQL5,1
REV1,1
RFC1,1
RFC2,1
RFC3,1
RFC4,1
RFC5,1
RIF1,1
RMI1,1
RMI2,1
RNF8,1
RPA3,1
RPAIN,1
RPRD1B,1
RUVBL1,1
RUVBL2,1
SAE1,1
SARNP,1
SEPT2,1
SERPINB12,1
SET,1
SFR1,1
SGO1,1
SEM1,1
SHMT1,1
SIMC1,1
SIRT1,1
SIRT6,1
SKP1,1
SLX4,1
SLX4IP,1
SMARCA1,1
SMARCA5,1
SMARCC2,1
SMC1A,1
SMC3,1
SMC5,1
SMC6,1
SMCHD1,1
SMG1,1
SMG5,1
SMG6,1
SMG7,1
SND1,1
SNRPA1,1
SNW1,1
SOD2,1
SP110,1
SRP14,1
SRSF9,1
SSB,1
SSRP1,1
STAG1,1
STAG2,1
STIP1,1
STOML2,1
SUMO3,1
SUPT16H,1
SUV39H1,1
SUV39H2,1
KMT5B,1
KMT5C,1
SWI5,1
TAF15,1
TAGLN2,1
TARDBP,1
TCEA1,1
TCOF1,1
TDP1,1
TDRD1,1
TDRD10,1
TDRD12,1
TDRD3,1
TDRD5,1
TDRD6,1
TDRD7,1
TDRD9,1
TDRKH,1
TELO2,1
TERC,1
TFPT,1
TFRC,1
TMED10,1
TMEM109,1
TMEM201,1
TNKS,1
TNKS2,1
TOP1,1
TOP2A,1
TOP2B,1
TOP3B,1
TOPBP1,1
TP53BP1,1
TPR,1
TREX1,1
TREX2,1
TRIM28,1
TRIP13,1
TTI1,1
UAP1,1
UBA1,1
UBR5,1
UBTF,1
UBXN1,1
UCHL1,1
UIMC1,1
UPF1,1
USP7,1
VCP,1
WDR61,1
WDR82,1
WEE1,1
WRN,1
WRNIP1,1
XPO1,1
XRCC1,1
XRCC2,1
XRCC3,1
XRCC4,1
XRCC5,1
YBX3,1
YWHAB,1
YWHAE,1
YWHAG,1
YWHAQ,1
YWHAZ,1
ZBTB44,1
ZCCHC7,1
ZMYM2,1
ZNF827,1
ZSWIM7,1
AR,1
BHLHE40,1
BRCA1,1
CEBPB,1
CTCF,1
CTCFL,1
E2F5,1
E2F6,1
EGR1,1
EPAS1,1
ESR1,1
ESR2,1
ETS1,1
ETS2,1
ETV1,1
EWSR1,1
FOS,1
GLI1,1
GLI2,1
HIF1A,1
HOXA7,1
IKZF1,1
IRF1,1
JUN,1
JUND,1
MAD1L1,1
MAZ,1
MBD2,1
MEN1,1
MITF,1
MXD1,1
MYB,1
MYC,1
MYCN,1
MZF1,1
NFAT5,1
NFATC2,1
NFKB1,1
RELA,1
NFX1,1
NR2F2,1
PAX5,1
PAX8,1
PITX1,1
RUNX2,1
SMAD3,1
SP1,1
SP3,1
STAT3,1
STAT5A,1
TCF7,1
TCF7L2,1
TFAP2A,1
TFAP2B,1
TFAP4,1
TP53,1
TP73,1
USF1,1
WT1,1
ZBTB48,1
BAZ2A,1
KLF4,1
CTNNB1,1
TEN1,1
ORC3,1
ETV4,1
FLI1,1
ACD,1
ACYP2,1
TSPYL6,1
NAF1,1
ZNF208,1
MPHOSPH6,1
DNA2,1
HRG,1
IDH1,1
RINT1,1
TNKS1BP1,1
ZSCAN4,1
TP53RK,1
TPRKB,1
MYEF2,1
HNRNPM,1
OSGEP,1
PIF1,1
KMT2C,1
KMT2B,1
SERBP1,1
HABP4,1
YRDC,1
RBBP5,1
ATAD5,1
RRAGA,1
RRAGB,1
TNIP3,1
TNIP2,1
TNIP1,1
MMS19,1
THOC7,1
PIAS4,1
RPL13,1
PBRM1,1
SAP30,1
SAP30L,1
CHMP4BP1,1
CHMP4A,1
MED18,1
CCNL1,1
CCNC,1
CCNL2,1
CCNT1,1
CCNT2,1
FAM58A,1
UBE2A,1
UBE2B,1
OSGEPL1,1
KMT2D,1
SETD1A,1
SETD1B,1
EZH1,1
EZH2,1
SIRT4,1
SIRT5,1
CHMP4C,1
CHMP7,1
NCBP2L,1
NCBP2,1
NAA11,1
NAA10,1
HIST1H4B,1
HIST4H4,1
POLR2B,1
THOC5,1
TOX4,1
THOC1,1
THOC2,1
THOC6,1
THOC3,1
CTC1,1
ACAT2,1
ACTB,1
ACY1,1
ADPRH,1
AHCY,1
AKT1,1
ALDH3A1,1
ALDOA,1
AMPD2,1
AMPH,1
SLC25A6,1
ANXA2,1
ANXA4,1
ANXA5,1
ARRB1,1
ZFP36L1,1
CALD1,1
CALML3,1
CARS,1
CKB,1
CLK3,1
CRK,1
CRYBB1,1
CRYGS,1
CRYM,1
DBN1,1
DCX,1
DPYSL3,1
EEF1D,1
EIF4B,1
CTTN,1
ENO2,1
ENSA,1
EPB41L1,1
EPHX2,1
FABP2,1
FES,1
NR5A1,1
GAGE5,1
GAMT,1
GAPDH,1
GSS,1
HIST1H1A,1
HAGH,1
HCLS1,1
HGD,1
HLCS,1
HMGN1,1
HMGN2,1
HMOX1,1
HNMT,1
HOXA3,1
HSPA1A,1
HSPA6,1
IL1RN,1
IVL,1
RPSA,1
LDHA,1
LDHB,1
LTA4H,1
MAGEA4,1
MDH1,1
MPG,1
MSN,1
MT1X,1
MT3,1
MVK,1
NAP1L1,1
NASP,1
NCL,1
NEFL,1
PRDX1,1
PALM,1
PCP4,1
PDE1B,1
PEPD,1
PFKP,1
PGM1,1
PNMT,1
PPM1G,1
PPP1R2,1
MAP2K3,1
PTMA,1
PEX5,1
MAP4K2,1
RABIF,1
RBMY1A1,1
RGS3,1
RPL19,1
S100P,1
MAPK12,1
SARS,1
SH3GL2,1
SNCG,1
SOAT1,1
SOX5,1
SRM,1
SUPT5H,1
SYK,1
TAGLN,1
TALDO1,1
TBCA,1
TBCD,1
TBL1X,1
TKT,1
TPI1,1
TUBB2A,1
WARS,1
WFS1,1
RNF113A,1
IFRD2,1
HIST1H2AL,1
FKBP6,1
MADD,1
PEA15,1
CPNE3,1
NOL3,1
CLIC3,1
DOK2,1
MAP7,1
TMSB4Y,1
TMSB10,1
DDX21,1
BCL7B,1
GPR52,1
TRIP10,1
HMGN3,1
DDX23,1
XAGE2,1
BAG3,1
PRDX6,1
DHX38,1
KEAP1,1
RNF10,1
GFPT2,1
DPP3,1
TSSC4,1
BCAP31,1
GPA33,1
STUB1,1
PAK4,1
RTN3,1
AKR1A1,1
TUBB3,1
HMGN4,1
PAICS,1
ARID3B,1
TRIM16,1
GAS2L1,1
RGS14,1
RBBP9,1
WDR4,1
TOMM34,1
OGFR,1
WDR5,1
PACSIN2,1
AKR7A3,1
NCDN,1
COTL1,1
HAAO,1
SH3BP1,1
AIPL1,1
FKBP8,1
PGLS,1
SULT4A1,1
CHMP2B,1
RPAP1,1
CCDC9,1
OR2H1,1
GNMT,1
SULT1B1,1
C19orf53,1
DBNL,1
PHPT1,1
PACSIN3,1
PACSIN1,1
TNPO2,1
HDGFRP3,1
SBDS,1
PIPOX,1
BIN2,1
ISYNA1,1
SCLY,1
C9orf78,1
PRMT7,1
KLHDC4,1
EPS8L1,1
RPP25,1
BANP,1
PGM2,1
UFSP2,1
TRMT1,1
LYAR,1
ENAH,1
LANCL2,1
RGMA,1
AKR1B10,1
ANKMY2,1
DDX24,1
CAMK1D,1
RTN4,1
CORO1B,1
KIAA1191,1
PRX,1
RBKS,1
PDLIM2,1
C12orf43,1
AHNAK,1
C1orf35,1
RPAP3,1
KCTD17,1
CCM2,1
FERMT3,1
TBC1D10A,1
ZNF414,1
AFAP1L2,1
PTPN5,1
SCRN2,1
LRSAM1,1
PAGE5,1
SYAP1,1
NXNL1,1
CCDC43,1
C17orf49,1
JSRP1,1
LRRC25,1
NUDCD2,1
APOBEC3F,1
DHFRL1,1
TUBB,1
NAIF1,1
PAGE2,1
CPNE2,1
PHYHD1,1
NUDT14,1
BOD1L1,1
CCDC137,1
C1orf174,1
ANXA8L1,1
MICA,1
ASS1,1
HNRNPK,1
HSP90AB1,1
IDO1,1
IPO5,1
OCM2,1
PKM,1
PRKCB,1
SRSF6,1
SULT1C2,1
AIMP2,1
EIF3G,1
VGLL4,1
FAM131B,1
DDX39A,1
DNPH1,1
HEXIM1,1
ARPP21,1
DDX19B,1
ACOT7,1
TWF2,1
TOR1AIP1,1
WIPI2,1
KIF1BP,1
BABAM1,1
LGALSL,1
MRTO4,1
THG1L,1
MAGOHB,1
APPL2,1
PPP6R3,1
CPPED1,1
C19orf66,1
CEP85,1
NOL12,1
NUDT18,1
PYM1,1
HDGFRP2,1
TXNDC17,1
PHYKPL,1
C15orf57,1
FAM122A,1
ZC3H18,1
HEXIM2,1
SIRPD,1
REM2,1
CNST,1
PROSER2,1
ZNF790,1
PDGFRA,1
MORC3,1
CDK2,1
RNF4,1
SENP2,1
ZNF451,1
HNRNPA2B1,1
RAP1A,1
SENP1,1
SENP3,1
SENP5,1
SENP7,1
CASP7,1
PGD,1
MAP4,1
FBP1,1
PAFAH1B3,1
EVL,1
CFL1,1
ADA,1
TRIM15,1
AK1,1
TUBB4B,1
NCBP1,1
CPSF4,1
GRHL2,1
HNRNPD,1
HSP90AA1,1
NOS3,1
RFPL3,1
SCYL1,1
ARID1A,1
DEK,1
KLF2,1
SNAI1,1
TAL1,1
VDR,1
AVPR1B,1
CAMK2A,1
CASK,1
CDKL2,1
DLG2,1
DLG4,1
DNAJC3,1
EDN2,1
EIF2AK4,1
FGFR3,1
GNE,1
KSR2,1
LCP2,1
MAP3K4,1
MAPK1,1
MAPK14,1
NEK2,1
NEK6,1
NEK7,1
NEK8,1
RAC1,1
RPS6KA5,1
RYK,1
AKAP8,1
ANGPT4,1
BDKRB2,1
BMP2K,1
CAMK2G,1
CD7,1
CDKN2B,1
CERK,1
DCK,1
DMPK,1
DTYMK,1
DUSP10,1
EPHA4,1
FGFR4,1
GAP43,1
IKBKAP,1
IRAK1,1
JAK2,1
MALT1,1
MAP3K1,1
MAP3K2,1
MAP3K3,1
MAP3K5,1
MAP4K3,1
MAPK3,1
MAPK8,1
MAPKAPK5,1
MET,1
MPZL1,1
NEK4,1
NTRK1,1
PCK1,1
PI4K2B,1
PIK3C2B,1
PKIB,1
PPP1R1B,1
PRKAR2A,1
PRKAR2B,1
PRKCQ,1
PRKCSH,1
PRKD2,1
PTPRG,1
RAPGEF3,1
ROCK1,1
ROCK2,1
RPS6KA4,1
RPS6KB2,1
SEPHS2,1
SOCS1,1
SPA17,1
SPHK2,1
SRC,1
STK16,1
STK19,1
TNIK,1
UGP2,1
YES1,1
STK26,1
STRADA,1
MAPK15,1
COQ8B,1
CDK20,1
PAK5,1
MAST1,1
BRSK2,1
IP6K3,1
EPHA6,1
APPL1,1
IQCH,1
PPP1R17,1
RPRD1A,1
MAP2K7,1
TPRXL,1
ACAD10,1
NADK,1
LOC100421108,1
ILF3,1
BASP1,1
ATP5O,1
DLAT,1
GLG1,1
DAP3,1
RPN2,1
PC,1
CAPRIN1,1
G3BP1,1
IGF2BP1,1
ATP1A1,1
PAPSS1,1
FBXO22,1
HNRNPC,1
IGF2BP2,1
ATP5F1,1
IGF2BP3,1
SLC25A5,1
MARCKS,1
PGRMC1,1
RPN1,1
EIF5B,1
ATP5A1,1
RPL26,1
RPL27,1
RPLP1,1
ABCF1,1
DDX3X,1
NPM1,1
FARSA,1
RPL27A,1
RPS20,1
ATP2A2,1
KRT10,1
NONO,1
SLC3A2,1
ATP5B,1
RPL21,1
FKBP3,1
AIFM1,1
HNRNPCL1,1
GIGYF2,1
RPL23,1
DDX17,1
DLST,1
CDC37,1
RPL23A,1
NAA15,1
CKAP4,1
APEH,1
DHX9,1
ATP6V1A,1
RPL31,1
RPL36,1
PDAP1,1
RPL10,1
EIF5,1
TPT1,1
SYNCRIP,1
ILF2,1
RPLP2,1
RPS7,1
RPL12,1
HNRNPA0,1
YBX1,1
RPL26L1,1
RPL17,1
CTNNA1,1
IPO8,1
WDHD1,1
REEP5,1
GARS,1
PPP1R7,1
PHGDH,1
ALDH2,1
ANXA1,1
SERPINH1,1
PSPH,1
PSAT1,1
OXCT1,1
GSPT1,1
ASNS,1
ALDH1A1,1
PUS7,1
PKLR,1
ABCC8,1
UROS,1
ABCC2,1
PAFAH1B1,1
CFTR,1
POR,1
RPL34,1
CHTF8,1
RABL2B,1
SP140,1
ACTR2,1
VPS54,1
WDR31,1
LRRC18,1
RPS4X,1
RPS4Y1,1
CNOT4,1
LGMN,1
TCHHL1,1
USP20,1
TRAPPC2,1
CREB5,1
NAA30,1
FOXP4,1
FOXP1,1
RPS10,1
USP21,1
RPS11,1
FPGS,1
RPS15A,1
RPS16,1
RPS17,1
RPS19,1
ABCC5,1
RPS21,1
ARF1,1
LRRC63,1
BRMS1,1
RPS23,1
RPS14,1
CHN1,1
ARRDC2,1
RPS27,1
RPS28,1
CALML4,1
RRM1,1
CSTF3,1
ZNHIT3,1
CABP1,1
ARL4A,1
FOXK1,1
PARL,1
PRPS2,1
RPS4Y2,1
PNCK,1
CHN2,1
MLH3,1
ACTR3B,1
HSP90AA2P,1
INCENP,1
UEVLD,1
GDAP1,1
XRN1,1
WDR38,1
SLC7A6,1
POMT1,1
PNKD,1
UBXN2B,1
CDC16,1
ABCC6,1
ARHGAP9,1
KDM6B,1
LRRIQ4,1
ASPG,1
ARRDC5,1
ISCA1P1,1
RB1CC1,1
CDK10,1
ZGRF1,1
PSMB11,1
RAP1GDS1,1
ELOVL7,1
ASH2L,1
ABCC4,1
CDC27,1
FOXP3,1
HHAT,1
BCKDK,1
ADK,1
PPP6C,1
ADSS,1
RACGAP1,1
SLC7A7,1
SLC25A19,1
GINS3,1
SLC7A9,1
USP8,1
SMARCA4,1
ATF7,1
MOV10,1
KARS,1
DNAJA4,1
AHCYL2,1
ELOVL6,1
PSMB5,1
HYOU1,1
RPS27A,1
ARHGAP26,1
RAB29,1
DOLPP1,1
PTGES3L-AARSD1,1
FZR1,1
ANAPC7,1
PDK3,1
TGFBRAP1,1
SEC61A2,1
UBTFL1,1
NDOR1,1
ABCC3,1
EFCAB3,1
SIN3A,1
CDC20B,1
RNF222,1
ARHGAP27,1
MPND,1
POC1A,1
MOV10L1,1
TUBB8,1
LRCH1,1
DHX16,1
CDK5,1
ACTR3C,1
TSPY4,1
RAB7B,1
CALM1,1
EIF2B3,1
CDK16,1
CDK17,1
ZNHIT6,1
FOXO4,1
EFCAB9,1
FOXP2,1
PPP2R1B,1
VAMP4,1
C1D,1
DHX35,1
TNPO3,1
RAB9A,1
TSPY1,1
FOXJ3,1
ABCC10,1
ARHGAP23,1
DHX33,1
POC1B,1
PDK2,1
RNF7,1
RPS10-NUDT3,1
WBSCR22,1
PRPS1,1
COG3,1
EIF4A1,1
BNIP1,1
NSFL1C,1
RNF40,1
ATAD2B,1
AHCYL1,1
ELOVL5,1
FOXM1,1
HIP1,1
TSPY8,1
USP2,1
PRPSAP2,1
LRCH2,1
PRPF4,1
CDC20,1
PIK3CB,1
ATF2,1
ELOVL1,1
USP39,1
GDAP1L1,1
PAF1,1
DNAJC6,1
UTY,1
CLPB,1
CDK8,1
CDK9,1
LPIN1,1
AARSD1,1
CDK15,1
SLC7A8,1
ARPC5,1
PSMD11,1
ARHGAP12,1
TFAM,1
ABCB7,1
PSMD6,1
RRAGC,1
AAR2,1
ISCA2,1
TRAP1,1
ACTR3,1
PDK1,1
RHBDL1,1
VPS36,1
SIGMAR1,1
PIK3CG,1
ARL4C,1
TSPY10,1
GAPVD1,1
EIF3J,1
LEO1,1
HSPH1,1
ANAPC4,1
GAK,1
RABGEF1,1
CDK14,1
SETSIP,1
TEX2,1
PIK3C2G,1
GMIP,1
PHLPP2,1
TUBB4A,1
SMARCA2,1
HAGHL,1
FOXO6,1
CDK11B,1
KDM6A,1
DARS,1
VAMP1,1
SIN3B,1
DDX46,1
CABP4,1
SYDE1,1
ZMIZ2,1
CDK19,1
VPS39,1
LPIN3,1
DHX8,1
HIP1R,1
TUBB6,1
PTPN23,1
HMG20A,1
RHBDL2,1
CALM2,1
RABL2A,1
CSTF2,1
PIK3C3,1
SP140L,1
GSTZ1,1
CDK11A,1
TXNIP,1
PSMD12,1
SNF8,1
HSPA4L,1
XRN2,1
ARRDC1,1
TRAPPC4,1
CABP2,1
ATG16L2,1
CAMKV,1
ADSSL1,1
GPS1,1
SUZ12,1
AHSA2,1
PIK3C2A,1
CNPPD1,1
AHSA1,1
NAA35,1
PIAS2,1
ARRDC3,1
CALM3,1
DAW1,1
PRKD1,1
VAMP2,1
RHBDL3,1
CALML6,1
PRPSAP1,1
PDXK,1
FOXF2,1
FOXJ1,1
FOXO3,1
AARS,1
TRIM23,1
ARL4D,1
ARF6,1
EIF4A2,1
FOXO1,1
HSPA4,1
JUNB,1
OGG1,1
OPHN1,1
CDK18,1
PDK4,1
PFDN1,1
POLR2G,1
PSMC3,1
PSMD8,1
SMARCC1,1
SMARCE1,1
TNNC2,1
TNNC1,1
HSP90B1,1
TSPYL1,1
SLC7A5,1
PPM1D,1
CAMK1,1
CDK13,1
VAMP8,1
FOXH1,1
PSMB8,1
MED14,1
GCSH,1
ARHGAP35,1
FOXK2,1
RAB7A,1
CDC23,1
VAMP3,1
POLR2D,1
SNRNP40,1
MRPL49,1
ABCC1,1
PIK3CD,1
MED12,1
GNL1,1
PIGK,1
ABCB6,1
ABCC9,1
ARPC2,1
PRKD3,1
PIK3CA,1
POLR2I,1
TLN1,1
TSG101,1
HMG20B,1
RNASEH2A,1
PSMC4,1
VAMP5,1
PSKH1,1
RAB32,1
RPL10A,1
SEC63,1
PIGN,1
NUFIP1,1
SEC61A1,1
POMT2,1
MRM2,1
ATAD2,1
PPP2R1A,1
RBX1,1
SLC7A11,1
PIK3R4,1
MDN1,1
PPM1F,1
LPIN2,1
IPO13,1
DHX34,1
EIF4A3,1
PPM1E,1
USP33,1
TLN2,1
CDK12,1
RTF1,1
CSTF2T,1
RRP8,1
UPF2,1
GPATCH4,1
RPS27L,1
MED31,1
NAA20,1
LSM7,1
LSM8,1
VPS28,1
TUBE1,1
DNAJB11,1
RAB9B,1
USP18,1
CALML5,1
LRRC40,1
ELOVL2,1
UBE2R2,1
IWS1,1
GPATCH1,1
TSR1,1
PNPO,1
DHX32,1
DNAJC11,1
SMU1,1
LSG1,1
FOXJ2,1
ARHGAP15,1
LRRC59,1
WDR5B,1
RNF20,1
SLC7A10,1
ZMIZ1,1
CAMK1G,1
HHATL,1
AARS2,1
ARHGAP21,1
VPS18,1
RRAGD,1
TSPYL4,1
TSPYL2,1
RAB38,1
SUDS3,1
RPS18,1
TSPY2,1
GIGYF1,1
ELOVL4,1
ARV1,1
UPF3B,1
UPF3A,1
MRPL34,1
DDX50,1
NOC4L,1
DSCC1,1
ARHGAP10,1
LRRK1,1
ERMP1,1
ARL14,1
ILKAP,1
TUBB1,1
ISCA1,1
ARPC5L,1
SYDE2,1
PRPF38A,1
BRMS1L,1
VPS25,1
EFCAB7,1
ABCC11,1
LRCH3,1
RHPN2,1
PSKH2,1
ABCC12,1
TSPYL5,1
HELB,1
RHPN1,1
MED12L,1
TADA1,1
EXOSC6,1
DQX1,1
ARL11,1
SLC7A13,1
FLCN,1
ELOVL3,1
LRR1,1
ARHGAP42,1
PPM1K,1
NAGS,1
PCSK9,1
PRPS1L1,1
TUBB2B,1
ARL5B,1
ARRDC4,1
PHLPP1,1
NAT16,1
USP50,1
TSEN54,1
ATG16L1,1
CALM1P1,1
HSP90AA4P,1
HSP90AA5P,1
HSP90AB2P,1
HSP90AB3P,1
HSP90AB4P,1
RPS10P5,1
RPS4XP21,1
TSPY26P,1
TSPY6P,1
TRAPPC2B,1
UBTFL6,1
ARHGAP45,1
FAM197Y5,1
FAM197Y1,1
APAF1,1
TEX13A,1
TEX13B,1
PABPC1L2A,1
PABPC1L2B,1
SART3,1
PPM1N,1
AMPD1,1
AMPD3,1
GMDS,1
UAP1L1,1
STX10,1
STX6,1
STX8,1
PSMA1,1
CNOT2,1
FXN,1
TRMT5,1
DMAP1,1
MED13,1
MED13L,1
BET1,1
BET1L,1
SLC25A33,1
SLC25A36,1
DHDDS,1
PLCB1,1
PLCB2,1
PLCB3,1
PLCB4,1
PLCD1,1
PLCD3,1
PLCD4,1
PLCE1,1
PLCG1,1
PLCG2,1
PLCH1,1
PLCH2,1
PLCL1,1
PLCL2,1
PLCZ1,1
PGS1,1
PDS5A,1
PDS5B,1
MRPS11,1
RIDA,1
CSNK1A1,1
CSNK1A1L,1
CSNK1D,1
CSNK1E,1
CSNK1G1,1
CSNK1G2,1
CSNK1G3,1
TTBK1,1
TTBK2,1
VRK1,1
VRK2,1
VRK3,1
ANAPC1,1
ARHGEF28,1
CENPO,1
CMTR1,1
EHMT1,1
KCTD16,1
MASTL,1
NCAPD3,1
PHAX,1
TBX15,1
TENM3,1
AHR,1
ATF1,1
FOXL2,1
CEBPA,1
FOXD2,1
FOSB,1
FOSL2,1
GTF2B,1
HNF4A,1
MAX,1
MXI1,1
MYF5,1
MYF6,1
MYOG,1
NFKB2,1
REL,1
RELB,1
REST,1
TAF9,1
TBX2,1
TFAP2C,1
USF2,1
XBP1,1
ZNF32,1
FOSL1,1
HMGA2,1
ATF6,1
BCL11A,1
MYOCD,1
ZBTB9,1
KLF9,1
NFATC1,1
POU5F1,1
PPARG,1
ZBTB16,1
ZEB2,1
NR1H3,1
TCEAL7,1
ANKLE1,1
CCDC155,1
CCNE1,1
CCNE2,1
CCT3,1
CCT6A,1
CCT8,1
CDC45,1
CERS1,1
DHX36,1
DMC1,1
DOT1L,1
DPY30,1
DYDC1,1
DYDC2,1
GNL3L,1
GREM1,1
HDAC8,1
HIST1H3A,1
HIST1H4A,1
HNRNPU,1
LEMD3,1
LSM11,1
MAJIN,1
MEI1,1
NLRP2,1
NSMCE1,1
NUP98,1
NVL,1
PARM1,1
PARP3,1
PTGES3,1
PURA,1
RAD21L1,1
SETX,1
SHQ1,1
SIRT2,1
SLX1A,1
SMARCAL1,1
SNRPB,1
SNRPD3,1
SNRPE,1
SPO11,1
SUN1,1
SUN2,1
TCP1,1
TERB1,1
TERB2,1
TFIP11,1
WRAP53,1
TNFRSF6B,1
RMRP,1
MLX,1
TFE3,1
TFEB,1
TFEC,1
RBBP4,1
RFWD2,1
KLF1,1
KLF12,1
KLF15,1
KLF17,1
KLF3,1
KLF5,1
KLF6,1
KLF7,1
KLF8,1
FOXN1,1
FOXN2,1
FOXN3,1
FOXN4,1
FOXR1,1
GATA1,1
GATA2,1
GATA3,1
GATA4,1
GATA5,1
GATA6,1
TRPS1,1
MECOM,1
PRDM16,1
ZNF497,1
ZNF837,1
YY1,1
YY2,1
ZFP42,1
JAZF1,1
TEAD1,1
TEAD2,1
TEAD3,1
TEAD4,1
HIST1H3B,1
HIST1H3C,1
HIST1H3D,1
HIST1H3E,1
HIST1H3F,1
HIST1H3G,1
HIST1H3H,1
HIST1H3I,1
HIST1H3J ,1
HIST1H4C,1
HIST1H4D,1
HIST1H4E,1
HIST1H4F,1
HIST1H4I,1
HIST1H4J,1
HIST1H4K,1
HIST1H4L,1
HIST2H4A,1
HIST2H4B,1
ALPL,1
CCNB1,1
CTSC,1
COCH,1
DHFR,1
DSG2,1
GABRB3,1
GLDC,1
HMMR,1
KCNS3,1
LCK,1
PDCD2,1
RARRES2,1
ST6GAL1,1
SORL1,1
IFITM1,1
NFE2L3,1
TRIM22,1
LYPLA1,1
PIM2,1
RRAS2,1
PASK,1
FRAT2,1
CECR1,1
NUP107,1
SLC39A10,1
NLGN4X,1
LRRN1,1
ANOS1,1
TMX1,1
AKIRIN1,1
THEMIS2,1
MIS18BP1,1
ZNF148,1
UBE2D3,1
ZNF703,1
ACLY,1
ACTN1,1
AP2A2,1
ABCD1,1
ATP2B1,1
ATP2B3,1
DST,1
CENPF,1
CSNK2A2,1
CSNK2B,1
CYLC2,1
DMD,1
DOCK2,1
ATN1,1
ERH,1
FHL1,1
GTF2A1,1
GTF2A2,1
HK1,1
IVD,1
KPNA2,1
MARK3,1
MECP2,1
MYH9,1
MYH10,1
MYO1C,1
MYO10,1
NME4,1
OPA1,1
PCBP1,1
PCMT1,1
PFKL,1
PLAT,1
PLOD1,1
PLOD2,1
PPP2CA,1
PPP2CB,1
PSMA2,1
REV3L,1
RING1,1
RNF2,1
BRD2,1
RPS2,1
RPS6,1
RPS8,1
RYR2,1
S100A7,1
S100A8,1
SFPQ,1
SNRNP70,1
SNRPD1,1
TAF2,1
TBX1,1
TF,1
TRPC5,1
UGDH,1
UTRN,1
SF1,1
USP9X,1
DUSP11,1
IRS4,1
DDX3Y,1
PABPC4,1
MCM3AP,1
MYOM2,1
SRSF11,1
FXR2,1
TBPL1,1
KIAA0430,1
G3BP2,1
SEC16A,1
USP15,1
THRAP3,1
AASS,1
SF3B4,1
SEC24B,1
PITRM1,1
PRDX4,1
PRDX3,1
CLASRP,1
ATXN2L,1
CEP131,1
FBXO21,1
ZC3H13,1
GPATCH8,1
CYFIP1,1
GANAB,1
SYNE2,1
KIF13B,1
SYNE1,1
ARHGEF18,1
MACF1,1
SKIV2L2,1
SRRM2,1
ZNF281,1
SDF2L1,1
KIAA1429,1
CHD5,1
SAP30BP,1
REPIN1,1
RBM15B,1
YTHDF2,1
LARP7,1
YTHDF1,1
C20orf27,1
DARS2,1
CHD7,1
BAIAP2L1,1
ARHGAP20,1
DHX37,1
CHD8,1
EEFSEC,1
MCCC2,1
TBC1D15,1
NT5DC2,1
PYCRL,1
KCTD15,1
DHX40,1
SLTM,1
SNX22,1
EDC3,1
GRPEL1,1
TMPRSS13,1
LDOC1L,1
POLDIP3,1
ZGPAT,1
TRIM47,1
ZC3HAV1L,1
ARMC6,1
PAXBP1,1
OSBPL9,1
OSBPL11,1
RAVER1,1
MACROD2,1
RBM33,1
CFAP58,1
U2AF1L4,1
RSBN1L,1
YTHDF3,1
RALGAPA1,1
RASGEF1C,1
GCOM2,1
KIAA2022,1
ZKSCAN4,1
TMEM173,1
SETDB1,1
EP300,1
HDAC9,1
USP22,1
BMP7,1
CACNA1B,1
CYP2E1,1
FOXD4,1
FRG1,1
GAS8,1
PCNT,1
PSMD13,1
SDHA,1
SLC6A12,1
ZNF140,1
DOC2B,1
UBE2M,1
ZMYND11,1
DIP2C,1
SIRT3,1
SH3YL1,1
DUSP22,1
RIC8A,1
DBNDD1,1
RBFA,1
TRIM7,1
SCGB1C1,1
CHAMP1,1
IQSEC3,1
CTAG1A,1
CTAG1B,1
CTAG2,1
LAGE3,1
TMEM192,0
PHYHIPL,0
PRLHR,0
CHRAC1,0
MCUB,0
KSR1,0
CRTC3,0
LIMS1,0
DDR2,0
ZCCHC17,0
ACTR10,0
STX18,0
RGS7,0
GLMP,0
CENPX,0
NOTO,0
JAML,0
MPO,0
THBS1,0
CNPY2,0
C19orf33,0
UQCR10,0
FMC1,0
SMAD2,0
SMAD4,0
IDH2,0
EXOC7,0
NMU,0
DCAKD,0
TICRR,0
AFF1,0
KRTAP6-2,0
SDC4,0
CCN2,0
CLDND1,0
KCNIP2,0
FAT1,0
BFAR,0
TNC,0
SP6,0
HOXC11,0
SPINT2,0
ACTR6,0
SESN3,0
CPSF7,0
NELFE,0
VASH1,0
TAS2R7,0
SLC25A25,0
MYZAP,0
PRKACA,0
BDH2,0
MFSD10,0
SUPT20H,0
KAT6B,0
HGF,0
ARMC1,0
SKIDA1,0
PIP4P1,0
RAB15,0
CD226,0
TAS2R10,0
ANXA13,0
KRTAP3-3,0
LAIR2,0
SLC9B2,0
PHETA1,0
POU4F2,0
C2orf49,0
RAET1G,0
CTNND2,0
UQCR11,0
DCAF7,0
CDH17,0
GATD1,0
ST6GALNAC4,0
KRTAP17-1,0
TUBA4B,0
MUC15,0
KRTAP4-12,0
LYPD5,0
NPLOC4,0
RASGRP3,0
PTPRB,0
ARID3C,0
MTHFD2,0
NPFFR1,0
NR6A1,0
ELK4,0
TUT4,0
KRTAP5-4,0
LIN37,0
DUS2,0
CHD2,0
RER1,0
ZNF460,0
XPOT,0
RETREG1,0
KAT6A,0
COL3A1,0
TMED3,0
LYRM2,0
TMEM37,0
GGA2,0
CALCOCO2,0
SPP1,0
NPFFR2,0
SSX2IP,0
LRRC4B,0
WDR44,0
LEUTX,0
CEP44,0
RGS13,0
RO60,0
GADD45A,0
HEBP2,0
DEFB104B,0
GFM2,0
ERP29,0
MIER1,0
CELSR2,0
RPL22L1,0
IPCEF1,0
FBF1,0
IPO4,0
CPSF3,0
FOLH1,0
SPX,0
TPRA1,0
SYNPO2L,0
PNLDC1,0
CALN1,0
ST8SIA1,0
ZNF511,0
CENPK,0
IKZF5,0
PTH2R,0
ZC3H8,0
XIAP,0
SKA3,0
RPL32,0
TCEANC,0
TOR1A,0
CENPS,0
LAMP3,0
MPIG6B,0
MRPL58,0
GNG7,0
CRP,0
HACD4,0
MICOS10,0
RABEP1,0
TULP4,0
HYKK,0
RUNX1,0
ZRSR2,0
TBCB,0
IRF9,0
NSD1,0
ZSCAN32,0
VIM,0
SLC25A23,0
SLC8A3,0
ECSIT,0
TRPC7,0
RNF144A,0
KRTAP26-1,0
TOMM40L,0
GFOD2,0
VPS29,0
CLEC1B,0
TAPBPL,0
PLPP4,0
LIMS3,0
MFSD5,0
ERI1,0
BCL2L13,0
CDK6,0
PLAG1,0
CAPSL,0
RIPOR1,0
OCIAD1,0
FAXDC2,0
TMED8,0
NKX3-1,0
SPEN,0
CENPU,0
COX8A,0
PSCA,0
ISX,0
BCL6,0
MXD4,0
MBTD1,0
CHCHD1,0
KRTAP5-6,0
PTPN13,0
CYP27C1,0
N4BP2,0
CYLD,0
ABT1,0
PDXP,0
KNSTRN,0
DDIT3,0
COL1A1,0
RAB1A,0
STEAP1,0
ZNF417,0
GORASP2,0
MMUT,0
TAF5L,0
P2RY8,0
VEGFC,0
SMG9,0
CCN6,0
ATP5F1C,0
FCGR2B,0
BCL9L,0
BCL2,0
NCOR1,0
KLHL25,0
MRPL57,0
EPGN,0
SLC5A5,0
PLAU,0
NTF4,0
POLQ,0
PTPA,0
TRIM4,0
CLRN2,0
CCND3,0
PLA2G4F,0
SAR1A,0
THAP7,0
TMEM222,0
SLC2A4RG,0
NCS1,0
OSTC,0
ABHD6,0
CD8B,0
FYB1,0
TIMP1,0
IFT46,0
CNOT11,0
EMILIN2,0
NDC1,0
PTPRH,0
IKBIP,0
HDHD3,0
RGS20,0
IGFBP1,0
RNF13,0
PPA1,0
SSX2,0
SIT1,0
SLC25A47,0
TSPO2,0
JPH4,0
HSPBAP1,0
APBB1IP,0
MOK,0
PGLYRP1,0
RPL10L,0
SLC5A4,0
CYP17A1,0
IPO9,0
NRBP1,0
NKX2-1,0
GDPGP1,0
SLCO1A2,0
ATP5F1A,0
GRAP,0
EIF3E,0
ALK,0
RIOX2,0
ACVR1B,0
P2RY13,0
RABAC1,0
CYP2C8,0
CD300C,0
ZNF773,0
EVA1B,0
BCAM,0
NDEL1,0
TESMIN,0
PTGR2,0
DEPP1,0
PCGF2,0
NF1,0
HIGD2A,0
EPHA3,0
LY75,0
SNRNP48,0
HDDC2,0
CAPN8,0
RNF185,0
RAPH1,0
MMP14,0
COMT,0
GFOD1,0
ICE2,0
SH2B2,0
AIFM2,0
AFDN,0
RETREG3,0
NUDT8,0
GOPC,0
EIF1AX,0
ARHGEF11,0
ENGASE,0
HEATR1,0
CLU,0
SERPINA6,0
PRPF40B,0
SDHC,0
AMDHD1,0
MTUS1,0
QTRT2,0
USE1,0
HAPLN2,0
PAAF1,0
TTLL4,0
HDHD5,0
ZNF629,0
JADE3,0
MYOD1,0
ACVR1,0
TMED9,0
KRTAP21-2,0
CREB1,0
FOXA1,0
TXLNG,0
VAV1,0
LSM14A,0
SLC35E1,0
MED6,0
NUP62CL,0
EMC6,0
VTI1A,0
MAK16,0
FRMD8,0
KRTAP15-1,0
CCDC51,0
CGN,0
MST1R,0
SRSF2,0
MAF,0
FRA10AC1,0
RAP1GAP,0
CFP,0
SALL4,0
DEFA3,0
OXNAD1,0
HOXD13,0
AXIN2,0
ROMO1,0
AKAP12,0
TRIM10,0
DCC,0
NOTCH2,0
CHRNA5,0
RAD54L2,0
ATP23,0
SRSF12,0
PMEL,0
ZNF17,0
CDYL2,0
TMEM254,0
CRTC1,0
ELOA,0
ANKRD46,0
PTPRT,0
MOSPD2,0
TMPRSS2,0
MAP2K1,0
EID2B,0
KRTAP10-4,0
RGS10,0
EIF1,0
MACO1,0
HSCB,0
SPRYD4,0
HIPK1,0
MUC16,0
PRELID3B,0
CPED1,0
PRF1,0
EAPP,0
ZNF354C,0
SNURF,0
ADGRG3,0
BCORL1,0
ABL2,0
INA,0
SLC35E3,0
FSTL3,0
MTG1,0
DDX6,0
AKAP9,0
CD28,0
ERP44,0
XIRP1,0
CEP250,0
SYTL5,0
TSKS,0
MRRF,0
LIN28A,0
HORMAD2,0
FBXO11,0
ATP5F1E,0
PDLIM3,0
MFSD3,0
PPP2R2A,0
ETV6,0
LMAN2,0
GTF3C4,0
SERPINB5,0
TPGS2,0
TCEAL6,0
AKT3,0
ATP5MC2,0
SLC27A6,0
NEIL3,0
LIFR,0
ZNF500,0
TCTN1,0
CLIP1,0
ELL,0
PRL,0
HAVCR2,0
ZDHHC6,0
RAET1E,0
SYTL3,0
C3orf33,0
SULT1E1,0
HLA-A,0
ZFPL1,0
MCIDAS,0
ROPN1B,0
OST4,0
SDHB,0
CRNKL1,0
VSIG4,0
AMACR,0
IL7R,0
NPIPA1,0
RPL13A,0
ZNF865,0
NUDT19,0
GNRHR,0
CXCR4,0
NCAN,0
SPCS3,0
ZNF512,0
PHF13,0
SLC31A2,0
WIPI1,0
KLHL11,0
RBM34,0
DICER1,0
TSHR,0
ADAP1,0
RNF213,0
FBLN2,0
CYP1B1,0
HSPA13,0
METTL8,0
ASXL1,0
KNOP1,0
ZNF354A,0
KIAA1549L,0
GRM3,0
RRP1,0
FCF1,0
TOMM70,0
GSTT2B,0
NOS2,0
NXF2B,0
CBL,0
STAB1,0
WDSUB1,0
SMPD3,0
EMCN,0
ZNF562,0
SNRNP35,0
CNOT3,0
WDR83OS,0
USH1G,0
MZT2B,0
TAF6L,0
HLX,0
GABPB2,0
TADA2A,0
ST8SIA3,0
BCL11B,0
SYMPK,0
RNF144B,0
DUSP12,0
LIN52,0
B4GALNT2,0
DYNC1LI2,0
RALGAPB,0
RGS11,0
RALGDS,0
FNBP1,0
NCOA4,0
CHCHD4,0
CCDC6,0
RGCC,0
CNDP2,0
ZNF747,0
SPIRE1,0
CYP1A2,0
IL2,0
BCL9,0
DLGAP3,0
CNOT10,0
RNF183,0
DEFA1B,0
PNO1,0
RBM48,0
UBE3D,0
POU2F1,0
CCN4,0
UNC13B,0
TKFC,0
STAB2,0
ARNT,0
SNX24,0
AHSP,0
NPBWR2,0
LDHAL6A,0
PDCD1LG2,0
SNX30,0
R3HDML,0
TMEM179B,0
DYNLT1,0
KCNN1,0
DNLZ,0
TRIM24,0
ACKR3,0
GPC2,0
IL6,0
GNG8,0
KRTAP10-9,0
PPP2R3C,0
NCKIPSD,0
GPAT3,0
SLC35C2,0
ISOC1,0
CBLIF,0
CD74,0
KRTAP5-11,0
GCFC2,0
IL10RB,0
GNAS,0
NACA2,0
CSN1S1,0
CPLX3,0
ST3GAL5,0
NECAB1,0
HOXD11,0
NPRL2,0
PDIA3,0
PTGS2,0
TUT1,0
KL,0
ASPHD1,0
CMC2,0
LETMD1,0
NKG7,0
MZT1,0
TRRAP,0
MGMT,0
PRPF38B,0
CIC,0
ENDOD1,0
HOXA9,0
SERPINB1,0
PPFIBP1,0
SETDB2,0
CUX1,0
TMOD1,0
CC2D1B,0
IP6K1,0
PPP1R16A,0
EPHA7,0
RNF187,0
CYBRD1,0
VPS9D1,0
SARAF,0
LARGE2,0
HDAC11,0
MDM4,0
IRF4,0
CWC22,0
APC,0
MYO5A,0
PAPPA2,0
ZNF611,0
HTR3A,0
KYAT1,0
PRRC1,0
ZNF613,0
ZNF276,0
ASCL3,0
ERO1A,0
BUD13,0
GTPBP8,0
ZSCAN9,0
CACNA1D,0
ROS1,0
UBXN2A,0
TONSL,0
ZNF763,0
PHC3,0
ZSCAN21,0
INO80D,0
CLDN7,0
CD82,0
KRTAP6-1,0
BEND5,0
DALRD3,0
CCNJ,0
RGS17,0
EMID1,0
CRELD2,0
PHF12,0
LYL1,0
LZTS3,0
TMCO5A,0
BIRC3,0
DENND4C,0
PTPRD,0
KRTAP4-2,0
BLZF1,0
NRG1,0
MMADHC,0
AKAP3,0
PARP16,0
TIE1,0
NFE2L2,0
LLGL2,0
RBM4,0
MVB12A,0
RALGAPA2,0
LAYN,0
TGFBR2,0
LSM14B,0
SS18L1,0
FLNA,0
MGAT4C,0
GOLT1A,0
ERVW-1,0
FLT3,0
ATG12,0
CDKN2C,0
CXorf66,0
PYCARD,0
ZNF521,0
EIF1AD,0
ZNF446,0
ZNF605,0
ZNF501,0
WWTR1,0
HADH,0
ZNF302,0
NMRAL1,0
ZNRF3,0
UBA7,0
TLR4,0
ZNF566,0
DAZ4,0
CDH1,0
ATXN7L3,0
CD44,0
CCN1,0
ATG3,0
KDM5A,0
PPP6R1,0
ADCK2,0
NUTF2,0
GUCY1A1,0
KTN1,0
RIN1,0
SARM1,0
AKT2,0
SEC13,0
TMEM218,0
NAB2,0
NINL,0
CCDC59,0
CXCL12,0
FHIT,0
FARSB,0
ATP5PB,0
CITED1,0
JAK3,0
CSF1R,0
SFRP4,0
SEC22B,0
NKD2,0
PTH1R,0
TG,0
PRDM2,0
CEP128,0
MAPK6,0
EPPIN,0
KIF20B,0
DUSP23,0
ZNF431,0
PPP2R3A,0
POLR2J3,0
UTP23,0
NTNG2,0
ZKSCAN7,0
PTPRC,0
CANT1,0
CXXC1,0
SOCS2,0
BMPR1A,0
PDLIM5,0
DCAF12,0
CASC3,0
LMNA,0
TCEAL3,0
GNAQ,0
SPARCL1,0
KRTAP12-3,0
ADAMTSL5,0
ZNF740,0
ZSCAN30,0
UBE2J2,0
NAT14,0
PICALM,0
FCRL3,0
NELFCD,0
PGLYRP4,0
USP37,0
TMEM69,0
CDH10,0
ERC1,0
PEBP4,0
CALR,0
ETV5,0
SPG7,0
BTG1,0
ZNF555,0
ESF1,0
SNUPN,0
CHDH,0
TAF8,0
FBN3,0
S100G,0
CTNND1,0
LRRC45,0
TCEANC2,0
DIMT1,0
TEPSIN,0
DCANP1,0
SAP25,0
KRTAP10-3,0
TRMT61A,0
DCTN1,0
SDR16C5,0
NSG1,0
HNRNPUL2,0
LPGAT1,0
SPG21,0
FGF8,0
PARD6A,0
PBX1,0
RAB40B,0
BRD1,0
STAT5B,0
KRTAP19-1,0
MIGA1,0
DNM2,0
PLPP7,0
MDM2,0
KNL1,0
TMPRSS11B,0
ZNF808,0
FAT4,0
HNF1A,0
HNRNPAB,0
ATIC,0
SCHIP1,0
INTS11,0
CSRNP2,0
TBC1D31,0
TIGD3,0
TMED2,0
C1QTNF9,0
PWP1,0
RNF115,0
ACVR2A,0
CD79A,0
TCEAL2,0
CRAMP1,0
ALPG,0
TMEM186,0
SCGN,0
FBXW7,0
CIITA,0
LAP3,0
UTP11,0
PDF,0
MTA3,0
MRS2,0
REXO5,0
ZNF510,0
LPCAT4,0
COPS2,0
ENKD1,0
EIF2AK2,0
TUBA1C,0
AGTRAP,0
SNU13,0
TRIM33,0
SNTB1,0
SGK1,0
POLG,0
FAM8A1,0
TNFRSF19,0
FBXL3,0
ATP5MC1,0
ANKRD49,0
ABI1,0
HSDL1,0
ITK,0
VWCE,0
CACTIN,0
ZNF211,0
PHF7,0
KRTAP12-2,0
CD300A,0
GCN1,0
ZMAT2,0
CPSF2,0
MAN2B2,0
SEC11C,0
NLE1,0
COL2A1,0
KRTAP8-1,0
SPOPL,0
NCLN,0
SYNRG,0
RHOG,0
RPL22,0
TEX264,0
GPBP1L1,0
IQGAP3,0
EIF4E1B,0
SPIRE2,0
GMCL1,0
PAX7,0
NDUFAF8,0
GIT2,0
SHBG,0
ACMSD,0
NBEA,0
GLMN,0
NECTIN4,0
FAM187B,0
TRAF7,0
C1QTNF2,0
KCNE5,0
LRRC49,0
SLC34A2,0
TPM3,0
JADE2,0
DISP3,0
LGALS3,0
VTCN1,0
MAFB,0
EML6,0
NUP214,0
PLXNC1,0
TYMP,0
ZACN,0
TRMT6,0
LINGO2,0
ZNF250,0
NIN,0
BBS9,0
NPFF,0
CORO6,0
SPSB1,0
FGF2,0
ST8SIA4,0
TRAPPC3L,0
GTSE1,0
B3GNT3,0
DOP1B,0
MAP2K4,0
CNBP,0
ATE1,0
SLC39A6,0
NSD3,0
DMTN,0
CTR9,0
IGF1,0
EDA2R,0
KDELR2,0
ABCG2,0
ASRGL1,0
KLC4,0
MAP9,0
SEC14L1,0
MTOR,0
AMER1,0
SKP2,0
NUDT9,0
CD46,0
ERO1B,0
SERPINE1,0
KDM3A,0
WIF1,0
MMP7,0
CDH13,0
MLLT6,0
SOX17,0
KIF19,0
RMDN2,0
FIP1L1,0
LPCAT2,0
TRAM1,0
ZNF738,0
ARHGAP5,0
ELOF1,0
LEFTY1,0
OR4X1,0
STMN4,0
CAMKK1,0
ZNF791,0
MTRF1L,0
KRTAP5-7,0
PTRH1,0
ZNF416,0
MLLT1,0
TVP23B,0
AP1AR,0
SMNDC1,0
MMP24,0
TMEM219,0
TEC,0
EIF3L,0
RNF19B,0
ZNF813,0
EXT1,0
UTP14C,0
ABITRAM,0
MVB12B,0
ATP6V1H,0
DYNLT3,0
PPP1R3E,0
UBE2K,0
DMAC2L,0
COX6C,0
CARD11,0
ATP6V1B1,0
MNX1,0
ST3GAL2,0
CLDN18,0
COQ10A,0
OR10J1,0
QPCTL,0
PTHLH,0
ZNF549,0
MAP2K2,0
GPR151,0
CAPNS2,0
RBM15,0
CRACR2A,0
DEFB104A,0
HASPIN,0
STBD1,0
CTSV,0
DNAAF2,0
NAA16,0
PLGRKT,0
MPC2,0
GSTP1,0
MLLT3,0
RNF19A,0
PRCC,0
MTRR,0
SIRPA,0
NAT9,0
MSI2,0
CLTCL1,0
IL18,0
ECPAS,0
PDGFRB,0
YLPM1,0
ATP5MF,0
STRN,0
SDHAF2,0
CDIPT,0
BTBD6,0
ST3GAL1,0
ROBO2,0
L3MBTL3,0
CASP8,0
ANK1,0
KCTD21,0
GKN2,0
EPHX1,0
JPT1,0
NCOR2,0
CHD4,0
NUTM1,0
BCR,0
CENPC,0
COL20A1,0
RHEBL1,0
ZDHHC11,0
TNFAIP3,0
GPR182,0
JCAD,0
PSMB10,0
CHCHD7,0
SDHAF4,0
TM4SF19,0
ZFHX3,0
SMARCD1,0
SETBP1,0
DOP1A,0
TCF3,0
RALY,0
NOB1,0
NAA50,0
SH3GLB1,0
ARHGDIG,0
PPIP5K2,0
CLEC3B,0
OPRPN,0
ARID2,0
RHOV,0
B2M,0
ZNF532,0
DHFR2,0
SUCO,0
ARFIP1,0
HERC6,0
TLX3,0
ZNF280D,0
LMO1,0
SLC51B,0
FCRL4,0
TP63,0
XPA,0
IFI6,0
GTF3C2,0
SERPINE2,0
CFAP52,0
WASHC2A,0
GTF2H2C,0
HRAS,0
CYB5R1,0
CBR4,0
CD177,0
CPTP,0
VPS35L,0
MEIS3,0
TCL1A,0
MIEF2,0
CDK4,0
PUM3,0
SYCN,0
CHST4,0
NPTXR,0
BAD,0
CHIT1,0
DDR1,0
MPL,0
TRMT112,0
ASXL2,0
QKI,0
MOB2,0
PLAUR,0
NEURL2,0
ELOA2,0
NDRG1,0
SYBU,0
USP44,0
FASN,0
PCM1,0
ZC3H3,0
FAM83D,0
ERP27,0
TBPL2,0
DPYD,0
ZNF576,0
RAB3IP,0
ASIC2,0
YIF1B,0
HNRNPR,0
DCAF16,0
IGFBP3,0
CHP2,0
MMP1,0
MYCL,0
ATP8B4,0
ZNF621,0
MBD6,0
RUNX3,0
ZNF639,0
KDELR3,0
HOXA13,0
LTV1,0
KRTAP19-2,0
CENPI,0
NLRP9,0
KCTD6,0
MAL2,0
ABHD15,0
TNFRSF17,0
NIP7,0
SERPINB9,0
PER1,0
ZNF579,0
RAB11FIP5,0
PRDM1,0
SIX2,0
ERG,0
SEMA3B,0
AKAP7,0
CDCA2,0
PTEN,0
MTCP1,0
RAPGEF4,0
CMC4,0
GIPC1,0
MYH11,0
MICALL1,0
NANOGNB,0
LYZL1,0
PTK6,0
PABPC3,0
KIF5B,0
TMEM11,0
SCAI,0
KRTAP9-3,0
TMEM33,0
KCNIP1,0
TRIB2,0
DPP9,0
PARP10,0
RETREG2,0
GPSM1,0
NIPAL3,0
GNA11,0
SC5D,0
RTCA,0
RTRAF,0
ZNF398,0
ITPRIP,0
ZNF716,0
NRDC,0
DNHD1,0
ETFRF1,0
FAM185A,0
ZNF225,0
KRTAP3-2,0
ATP1B4,0
GPR107,0
PI4KB,0
FAM209A,0
TXLNB,0
NSA2,0
SF3B6,0
POP4,0
RARA,0
WASHC5,0
CALCOCO1,0
SPCS2,0
KRTAP9-8,0
ZMAT5,0
ELF4,0
FDX2,0
PWP2,0
MYDGF,0
BAP1,0
BCL2L1,0
ZKSCAN1,0
EED,0
NAA25,0
CCL2,0
WASHC3,0
BRD4,0
OR7G3,0
NF2,0
CABS1,0
TSPAN17,0
NCOA2,0
GIPC2,0
ADCK5,0
COQ3,0
GK2,0
CCND2,0
KRIT1,0
ATP6V1F,0
UTP6,0
ACSL3,0
NCKAP1L,0
MBNL2,0
RDH13,0
BTBD1,0
GRPR,0
ASIC1,0
A1CF,0
CUL3,0
VPS26C,0
MAPK13,0
FRS3,0
WRAP73,0
ATP5IF1,0
SMARCB1,0
SCD5,0
BTF3,0
SRSF3,0
TCEA2,0
PTPMT1,0
SLC9C1,0
KLRF2,0
HNRNPA3,0
COPRS,0
USP6,0
SSMEM1,0
BRD3,0
DGCR8,0
SPOCK1,0
ZSCAN23,0
AGO3,0
KLK7,0
ZNF383,0
DAZ1,0
NQO1,0
RHOH,0
KAT7,0
SH3BGRL,0
DROSHA,0
CASS4,0
NAIP,0
VEGFD,0
STX19,0
KIRREL1,0
XKR8,0
SLCO2B1,0
P2RX5,0
NFIB,0
TYMS,0
RMDN3,0
OR51F2,0
HERPUD1,0
ZNF561,0
TATDN2,0
ZNF766,0
HEY1,0
BCAS3,0
CLP1,0
MED22,0
PITPNM1,0
VSX2,0
TLK1,0
SLC48A1,0
UBA3,0
CAMSAP2,0
STAT6,0
L3MBTL1,0
PCMTD2,0
CD40LG,0
IPPK,0
ZBTB6,0
SH3GLB2,0
POLR3H,0
SESN2,0
ECHDC2,0
BMP6,0
SIVA1,0
LRP1B,0
CRCP,0
ST8SIA2,0
SLC36A3,0
BRIX1,0
MRPS18C,0
KRAS,0
CNTNAP2,0
ZMAT3,0
CD93,0
N4BP3,0
SLC23A3,0
ERBB3,0
FBH1,0
LAX1,0
MOCS3,0
MAPK11,0
CHERP,0
ATP5ME,0
NPHS2,0
OLIG2,0
SH3RF1,0
ABCB1,0
CCZ1,0
KRTAP4-11,0
RBM10,0
UFD1,0
NLK,0
CNMD,0
BBX,0
FTSJ3,0
TUBA3E,0
SF3B1,0
CHMP3,0
EGFR,0
SYNPO2,0
ALG10B,0
UCN3,0
ABL1,0
AXIN1,0
DIP2A,0
UNC119B,0
BCL10,0
STIL,0
IL17A,0
PAFAH1B2,0
ZNF57,0
ATP5MC3,0
ITGAV,0
LY6G6F,0
PTPN6,0
B3GALNT1,0
DEPTOR,0
ZNF394,0
GRPEL2,0
TP53I13,0
SHTN1,0
BCL3,0
CNTRL,0
IL10,0
GPR108,0
PPIAL4C,0
NRAS,0
HNRNPH3,0
IL22RA2,0
SMAD5,0
CCN5,0
MAML2,0
TRIM71,0
GNPTG,0
HLF,0
GOLGA7,0
TANGO6,0
HNRNPH1,0
ARHGEF10L,0
HLA-DOA,0
OR51B6,0
TGFA,0
PIK3R1,0
SORBS2,0
ELOB,0
SKI,0
PRKAR1A,0
TFF1,0
VHL,0
RPL5,0
LRP2BP,0
MIGA2,0
RASSF2,0
JPT2,0
TMEM19,0
GPC5,0
CCDC85C,0
PIM1,0
TMEM209,0
NME1,0
ZMYM3,0
MTERF1,0
TRIP11,0
BEX3,0
NUDT5,0
GLOD4,0
NOP16,0
FAT3,0
EMC7,0
HIGD1C,0
SIX1,0
HOOK3,0
MTTP,0
PRSS23,0
RUNX1T1,0
FADS6,0
PARPBP,0
CDX2,0
TNF,0
VCPIP1,0
HNRNPF,0
CD79B,0
RHOA,0
AK4,0
SDHAF3,0
CREB3L1,0
CASP3,0
ZSCAN1,0
TSNARE1,0
IL6ST,0
CDKN1B,0
RBM23,0
RAP1GAP2,0
EREG,0
LDHAL6B,0
ATPAF1,0
EML4,0
FGFR1,0
IGF1R,0
STK11,0
PJA2,0
NR4A3,0
VIRMA,0
ACSL6,0
DNAJC18,0
GTF2IRD2B,0
NCOA3,0
ELF2,0
MRPL23,0
MLLT10,0
KLHL17,0
CDKL4,0
OLFM4,0
B3GAT2,0
FIS1,0
TFG,0
HIGD1A,0
CD209,0
SYT11,0
TMEM41B,0
ISL2,0
TMEM213,0
RBP7,0
MAP3K20,0
CBFA2T3,0
ZNF384,0
ZNF783,0
NLRP6,0
KCNG2,0
ZNF701,0
GRIN2A,0
TICAM2,0
EDN1,0
CCND1,0
DGLUCY,0
ZKSCAN8,0
NAPRT,0
FGFR1OP2,0
FMNL1,0
PTPRK,0
SDHD,0
RAF1,0
FMN1,0
SPECC1,0
SUFU,0
COL26A1,0
A2M,0
ERBB2,0
HCST,0
CDKN2A,0
TBL1XR1,0
SYPL2,0
GOT1L1,0
LMF2,0
BBC3,0
GPN3,0
NOP2,0
IER2,0
DNAJC14,0
MTX3,0
TRAPPC5,0
OR2AG1,0
HSD17B6,0
GFRA4,0
ZC3HC1,0
BRAF,0
BTNL9,0
RNF41,0
MICALL2,0
DBF4,0
CDH11,0
MUC4,0
SEMA4F,0
XPC,0
AOC1,0
GRIP2,0
DDX53,0
ATP8A1,0
C1orf116,0
SDAD1,0
CXCL8,0
TCF12,0
IL1B,0
CRNN,0
TNFRSF21,0
NPEPL1,0
KMT5A,0
REC8,0
HNRNPA1L2,0
RBMY1E,0
LRIG3,0
ZNF816,0
EDIL3,0
MTG2,0
BCLAF1,0
FBLL1,0
TEX35,0
ABRAXAS2,0
SYNC,0
RET,0
MZT2A,0
AFF4,0
EDEM1,0
EFCAB6,0
GPR152,0
TSPAN14,0
RHOF,0
PGBD1,0
CYP2C19,0
RBM5,0
DCAF10,0
GRP,0
FITM2,0
GPHN,0
ARHGEF12,0
RGS8,0
ZIM3,0
NAPSA,0
ELP1,0
MTFR1,0
HEPHL1,0
NACAD,0
CCR4,0
ENY2,0
SRGAP3,0
SEL1L3,0
RPF2,0
MAP3K13,0
MAP1LC3B2,0
CNIH3,0
NELFA,0
TMUB2,0
JADE1,0
WAS,0
AFF3,0
IL20RB,0
RAB40C,0
AOPEP,0
SGF29,0
PTBP3,0
FGFR2,0
PPP1R3F,0
TMEM242,0
MAP1LC3A,0
PTCH1,0
AKNAD1,0
KDR,0
SOX9,0
LCP1,0
MME,0
GOLGA5,0
CHP1,0
NT5C2,0
ATL2,0
CSF2,0
TSC2,0
EBF1,0
SLMAP,0
OGA,0
LRCH4,0
PI16,0
PLA2G15,0
KIR3DL3,0
BAZ1A,0
DRC3,0
NIPSNAP2,0
PDILT,0
NTPCR,0
KRTAP10-8,0
RFWD3,0
IKBKB,0
TUBAL3,0
EZR,0
HSD17B12,0
KRTAP9-4,0
TBCCD1,0
ZBTB45,0
PRR4,0
CD274,0
PATZ1,0
KIAA1549,0
MMP2,0
CYP19A1,0
CTXN3,0
SLC51A,0
SETD2,0
GABPB1,0
CTNNA2,0
BLOC1S1,0
DDB2,0
TMED7,0
TCEAL4,0
UBOX5,0
SRPK2,0
SMAD9,0
UTP25,0
RNF43,0
HDAC10,0
KRTAP10-11,0
MIER2,0
NSD2,0
FAM241A,0
ACTL8,0
CAV1,0
BCL2L14,0
SRD5A2,0
EPS15,0
C16orf54,0
KCNJ5,0
IP6K2,0
ASAP2,0
UBAC2,0
IL27RA,0
SS18,0
NARF,0
MELTF,0
KRTAP10-7,0
CBLC,0
TMEM42,0
SLC22A18,0
ARHGEF10,0
TIMD4,0
PTPN11,0
LARGE1,0
ANKRD27,0
MFSD9,0
DIDO1,0
JARID2,0
KRTAP4-4,0
UQCC1,0
GPN1,0
SGSM1,0
SPIN2B,0
KRTAP9-9,0
SEMA4G,0
SCOC,0
CPSF1,0
SPOP,0
CD101,0
GUCY1B1,0
RIMKLA,0
RITA1,0
NEFH,0
SOX2,0
TMCO6,0
HOXC13,0
P2RX6,0
PRRX1,0
NFKBIE,0
NOL9,0
LEF1,0
RSAD1,0
BROX,0
MUCL1,0
TMEM185A,0
NTHL1,0
REG3A,0
NCOA1,0
CTRB2,0
TMEM177,0
SPINT1,0
TBX3,0
COQ10B,0
MFN1,0
AEN,0
TAFA4,0
HOXA11,0
IL22RA1,0
OXLD1,0
MITD1,0
USP49,0
RAB2A,0
B4GALNT4,0
R3HDM4,0
KLK3,0
PFDN6,0
MTIF3,0
ADH1B,0
RABEPK,0
TIMM10B,0
ETNK1,0
NCR3LG1,0
HEMK1,0
PHETA2,0
LDLRAD4,0
ZCCHC8,0
TOMM20L,0
LCN2,0
KRTAP10-1,0
ZNF786,0
ANKS1A,0
DEFB4B,0
TBCEL,0
POTEF,0
KRTAP13-2,0
GPC3,0
FBLIM1,0
GRID2IP,0
DNAJC4,0
BTK,0
NUDT3,0
ZBTB14,0
SLC49A4,0
CENPM,0
TGFB1,0
ASIC4,0
MSTN,0
ZNF787,0
TTC5,0
REG1B,0
CLDN22,0
FRMD1,0
CYP1A1,0
PHOX2B,0
TSSK1B,0
SNX18,0
TVP23C,0
PHF6,0
ZNF567,0
ARID1B,0
PDGFB,0
SH3PXD2A,0
SLC10A7,0
GTF2IRD2,0
CYB561D1,0
ZBTB47,0
DNAJC7,0
ATP5PO,0
RAB43,0
BPIFA2,0
CBLN1,0
HYAL2,0
TMEM68,0
KRTAP7-1,0
ZNF223,0
FAS,0
ANKRD37,0
CSF3R,0
U2AF1,0
LAPTM4A,0
TEKT4,0
MMP9,0
TET1,0
SERPIND1,0
FEM1C,0
KRTAP3-1,0
DUSP19,0
CEP89,0
NOTCH1,0
MAP1LC3C,0
TMEM208,0
EXT2,0
MRM3,0
TSPAN18,0
SH3GL1,0
BTBD2,0
RCOR3,0
GAST,0
CYB5D2,0
TSPOAP1,0
MAPKAPK3,0
SMO,0
ID3,0
PCMTD1,0
EGF,0
TTLL10,0
KRTAP10-5,0
SERPINF2,0
MPHOSPH10,0
NOCT,0
TRIM27,0
CNIH1,0
MMGT1,0
VEZT,0
ELF3,0
FCRL5,0
ZNF805,0
GHITM,0
MOB1B,0
TRNAU1AP,0
BCOR,0
SPIN1,0
THEM4,0
SH2B3,0
UHMK1,0
MOB1A,0
SERPINA5,0
LEPROTL1,0
TPGS1,0
HACD2,0
TNFRSF14,0
NCK1,0
PCLAF,0
M1AP,0
MICOS13,0
MADCAM1,0
KIT,0
FLT4,0
SFT2D2,0
KDSR,0
ARHGEF15,0
PXYLP1,0
PAX3,0
CREB3L2,0
PGR,0
POU2AF1,0
HOXB13,0
BUB1B,0
CENPW,0
EVA1A,0
VTA1,0
SLC15A5,0
MIEF1,0
CDC7,0
TLX1,0
TXLNA,0
DDX19A,0
RSF1,0
PSIP1,0
ZNF445,0
BAX,0
MTHFR,0
EDRF1,0
SVIP,0
CASP9,0
TSC1,0
ID1,0
MGAT4D,0
JAK1,0
ZSCAN18,0
SPPL2B,0
KRTAP10-10,0
SNAP47,0
STXBP3,0
SLC18B1,0
TMCC2,0
CPLX4,0
NUDT13,0
KRTAP5-2,0
ADGRF5,0
HSDL2,0
SLU7,0
EIF5AL1,0
ATP5MG,0
SSX1,0
ASIC3,0
PLPBP,0
TPM4,0
UHRF1,0
INTS13,0
RANBP2,0
ERBB4,0
GNG3,0
NUDT12,0
GTPBP4,0
ZC3H15,0
DISP1,0
MT1M,0
RPF1,0
SLC39A9,0
FCRL2,0
MSL3,0
SGO2,0
CHST11,0
ARHGEF16,0
RAB3D,0
NUDT7,0
RGS18,0
CWC15,0
ATP5PF,0
PIP4P2,0
SYNPR,0
BIVM,0
TOX3,0
TRIM17,0
PGLYRP3,0
CCR7,0
KRTAP19-3,0
WNK2,0
SSX2B,0
TAF1B,0
PARD3B,0
SYT17,0
RRP9,0
LMO2,0
FASLG,0
ABRAXAS1,0
SIKE1,0
SERPINA7,0
TRAPPC10,0
